"Sex","med","lwr","upr"
"F",3.93528e-05,3.61420525e-05,4.276688e-05
"M",4.38458e-05,4.05028625e-05,4.73139375e-05
