"","med","lwr","upr"
"1",4.22742839057661e-05,3.83170364553374e-05,4.5195193147769e-05
