"","med","lwr","upr"
"1",0.0111856391414521,0.0103607264595205,0.0117150495634404
